<?xml version="1.0" encoding="UTF-8"?>

<ImplementationGuide xmlns="http://hl7.org/fhir">
  <id value="2219"/>
  <url value="http://hl7.org/fhir/ccda/ImplementationGuide/2219"/>
  <name value="C-CDA on FHIR"/>
  <status value="draft"/>
  <package>
    <name value="Profiles in this Implementation Guide"/>
    <resource>
      <extension url="http://hl7.org/fhir/StructureDefinition/implementationguide-page">
        <valueUri value="StructureDefinition-CCDA-on-FHIR-US-Realm-Header.html"/>
      </extension>
      <example value="false"/>
      <sourceReference>
        <reference value="StructureDefinition/CCDA-on-FHIR-US-Realm-Header"/>
        <display value="C-CDA on FHIR US Realm Header"/>
      </sourceReference>
    </resource>
    <resource>
      <extension url="http://hl7.org/fhir/StructureDefinition/implementationguide-page">
        <valueUri value="StructureDefinition-CCDA-on-FHIR-Consent.html"/>
      </extension>
      <example value="false"/>
      <sourceReference>
        <reference value="StructureDefinition/CCDA-on-FHIR-Consent"/>
        <display value="C-CDA on FHIR Consent"/>
      </sourceReference>
    </resource>
    <resource>
      <extension url="http://hl7.org/fhir/StructureDefinition/implementationguide-page">
        <valueUri value="StructureDefinition-CCDA-on-FHIR-Authorization.html"/>
      </extension>
      <example value="false"/>
      <sourceReference>
        <reference value="StructureDefinition/CCDA-on-FHIR-Authorization"/>
        <display value="C-CDA on FHIR Authorization"/>
      </sourceReference>
    </resource>
    <resource>
      <extension url="http://hl7.org/fhir/StructureDefinition/implementationguide-page">
        <valueUri value="StructureDefinition-CCDA-on-FHIR-Data-Enterer.html"/>
      </extension>
      <example value="false"/>
      <sourceReference>
        <reference value="StructureDefinition/CCDA-on-FHIR-Data-Enterer"/>
        <display value="C-CDA on FHIR Data Enterer"/>
      </sourceReference>
    </resource>
    <resource>
      <extension url="http://hl7.org/fhir/StructureDefinition/implementationguide-page">
        <valueUri value="StructureDefinition-CCDA-on-FHIR-In-Fulfillment-Of-Order.html"/>
      </extension>
      <example value="false"/>
      <sourceReference>
        <reference value="StructureDefinition/CCDA-on-FHIR-In-Fulfillment-Of-Order"/>
        <display value="C-CDA on FHIR In Fulfillment Of Order"/>
      </sourceReference>
    </resource>
    <resource>
      <extension url="http://hl7.org/fhir/StructureDefinition/implementationguide-page">
        <valueUri value="StructureDefinition-CCDA-on-FHIR-Informant.html"/>
      </extension>
      <example value="false"/>
      <sourceReference>
        <reference value="StructureDefinition/CCDA-on-FHIR-Informant"/>
        <display value="C-CDA on FHIR Informant"/>
      </sourceReference>
    </resource>
    <resource>
      <extension url="http://hl7.org/fhir/StructureDefinition/implementationguide-page">
        <valueUri value="StructureDefinition-CCDA-on-FHIR-Information-Recipient.html"/>
      </extension>
      <example value="false"/>
      <sourceReference>
        <reference value="StructureDefinition/CCDA-on-FHIR-Information-Recipient"/>
        <display value="C-CDA on FHIR Information Recipient"/>
      </sourceReference>
    </resource>
    <resource>
      <extension url="http://hl7.org/fhir/StructureDefinition/implementationguide-page">
        <valueUri value="StructureDefinition-CCDA-on-FHIR-Participant.html"/>
      </extension>
      <example value="false"/>
      <sourceReference>
        <reference value="StructureDefinition/CCDA-on-FHIR-Participant"/>
        <display value="C-CDA on FHIR Participant"/>
      </sourceReference>
    </resource>
    <resource>
      <extension url="http://hl7.org/fhir/StructureDefinition/implementationguide-page">
        <valueUri value="StructureDefinition-CCDA-on-FHIR-Performer.html"/>
      </extension>
      <example value="false"/>
      <sourceReference>
        <reference value="StructureDefinition/CCDA-on-FHIR-Performer"/>
        <display value="C-CDA on FHIR Performer"/>
      </sourceReference>
    </resource>
    <resource>
      <extension url="http://hl7.org/fhir/StructureDefinition/implementationguide-page">
        <valueUri value="StructureDefinition-CCDA-on-FHIR-Care-Plan.html"/>
      </extension>
      <example value="false"/>
      <sourceReference>
        <reference value="StructureDefinition/CCDA-on-FHIR-Care-Plan"/>
        <display value="C-CDA on FHIR Care Plan"/>
      </sourceReference>
    </resource>
    <resource>
      <extension url="http://hl7.org/fhir/StructureDefinition/implementationguide-page">
        <valueUri value="StructureDefinition-CCDA-on-FHIR-Consultation-Note.html"/>
      </extension>
      <example value="false"/>
      <sourceReference>
        <reference value="StructureDefinition/CCDA-on-FHIR-Consultation-Note"/>
        <display value="C-CDA on FHIR Consultation Note"/>
      </sourceReference>
    </resource>
    <resource>
      <extension url="http://hl7.org/fhir/StructureDefinition/implementationguide-page">
        <valueUri value="StructureDefinition-CCDA-on-FHIR-Continuity-of-Care-Document.html"/>
      </extension>
      <example value="false"/>
      <sourceReference>
        <reference value="StructureDefinition/CCDA-on-FHIR-Continuity-of-Care-Document"/>
        <display value="C-CDA on FHIR Continuity of Care Document"/>
      </sourceReference>
    </resource>
    <resource>
      <extension url="http://hl7.org/fhir/StructureDefinition/implementationguide-page">
        <valueUri value="StructureDefinition-CCDA-on-FHIR-Diagnostic-Imaging.html"/>
      </extension>
      <example value="false"/>
      <sourceReference>
        <reference value="StructureDefinition/CCDA-on-FHIR-Diagnostic-Imaging"/>
        <display value="C-CDA on FHIR Diagnostic Imaging"/>
      </sourceReference>
    </resource>
    <resource>
      <extension url="http://hl7.org/fhir/StructureDefinition/implementationguide-page">
        <valueUri value="StructureDefinition-CCDA-on-FHIR-Discharge-Summary.html"/>
      </extension>
      <example value="false"/>
      <sourceReference>
        <reference value="StructureDefinition/CCDA-on-FHIR-Discharge-Summary"/>
        <display value="C-CDA on FHIR Discharge Summary"/>
      </sourceReference>
    </resource>
    <resource>
      <extension url="http://hl7.org/fhir/StructureDefinition/implementationguide-page">
        <valueUri value="StructureDefinition-CCDA-on-FHIR-History-and-Physical.html"/>
      </extension>
      <example value="false"/>
      <sourceReference>
        <reference value="StructureDefinition/CCDA-on-FHIR-History-and-Physical"/>
        <display value="C-CDA on FHIR History and Physical"/>
      </sourceReference>
    </resource>
    <resource>
      <extension url="http://hl7.org/fhir/StructureDefinition/implementationguide-page">
        <valueUri value="StructureDefinition-CCDA-on-FHIR-Operative-Note.html"/>
      </extension>
      <example value="false"/>
      <sourceReference>
        <reference value="StructureDefinition/CCDA-on-FHIR-Operative-Note"/>
        <display value="C-CDA on FHIR Operative Note"/>
      </sourceReference>
    </resource>
    <resource>
      <extension url="http://hl7.org/fhir/StructureDefinition/implementationguide-page">
        <valueUri value="StructureDefinition-CCDA-on-FHIR-Procedure-Note.html"/>
      </extension>
      <example value="false"/>
      <sourceReference>
        <reference value="StructureDefinition/CCDA-on-FHIR-Procedure-Note"/>
        <display value="C-CDA on FHIR Procedure Note"/>
      </sourceReference>
    </resource>
    <resource>
      <extension url="http://hl7.org/fhir/StructureDefinition/implementationguide-page">
        <valueUri value="StructureDefinition-CCDA-on-FHIR-Progress-Note.html"/>
      </extension>
      <example value="false"/>
      <sourceReference>
        <reference value="StructureDefinition/CCDA-on-FHIR-Progress-Note"/>
        <display value="C-CDA on FHIR Progress Note"/>
      </sourceReference>
    </resource>
    <resource>
      <extension url="http://hl7.org/fhir/StructureDefinition/implementationguide-page">
        <valueUri value="StructureDefinition-CCDA-on-FHIR-Referral-Note.html"/>
      </extension>
      <example value="false"/>
      <sourceReference>
        <reference value="StructureDefinition/CCDA-on-FHIR-Referral-Note"/>
        <display value="C-CDA on FHIR Referral Note"/>
      </sourceReference>
    </resource>
    <resource>
      <extension url="http://hl7.org/fhir/StructureDefinition/implementationguide-page">
        <valueUri value="StructureDefinition-CCDA-on-FHIR-Transfer-Summary.html"/>
      </extension>
      <example value="false"/>
      <sourceReference>
        <reference value="StructureDefinition/CCDA-on-FHIR-Transfer-Summary"/>
        <display value="C-CDA on FHIR Transfer Summary"/>
      </sourceReference>
    </resource>
    <resource>
      <extension url="http://hl7.org/fhir/StructureDefinition/implementationguide-page">
        <valueUri value="ValueSet-2.16.840.1.113883.11.20.9.31.html"/>
      </extension>
      <example value="false"/>
      <sourceReference>
        <reference value="ValueSet/2.16.840.1.113883.11.20.9.31"/>
        <display value="ConsultDocumentType"/>
      </sourceReference>
    </resource>
    <resource>
      <extension url="http://hl7.org/fhir/StructureDefinition/implementationguide-page">
        <valueUri value="ValueSet-1.3.6.1.4.1.12009.10.2.5.html"/>
      </extension>
      <example value="false"/>
      <sourceReference>
        <reference value="ValueSet/1.3.6.1.4.1.12009.10.2.5"/>
        <display value="LOINC Imaging Document Codes"/>
      </sourceReference>
    </resource>
    <resource>
      <extension url="http://hl7.org/fhir/StructureDefinition/implementationguide-page">
        <valueUri value="ValueSet-2.16.840.1.113883.11.20.9.59.html"/>
      </extension>
      <example value="false"/>
      <sourceReference>
        <reference value="ValueSet/2.16.840.1.113883.11.20.9.59"/>
        <display value="DIRSectionTypeCodes"/>
      </sourceReference>
    </resource>
    <resource>
      <extension url="http://hl7.org/fhir/StructureDefinition/implementationguide-page">
        <valueUri value="ValueSet-2.16.840.1.113883.11.20.4.1.html"/>
      </extension>
      <example value="false"/>
      <sourceReference>
        <reference value="ValueSet/2.16.840.1.113883.11.20.4.1"/>
        <display value="DischargeSummaryDocumentTypeCode"/>
      </sourceReference>
    </resource>
    <resource>
      <extension url="http://hl7.org/fhir/StructureDefinition/implementationguide-page">
        <valueUri value="ValueSet-2.16.840.1.113883.1.11.20.22.html"/>
      </extension>
      <example value="false"/>
      <sourceReference>
        <reference value="ValueSet/2.16.840.1.113883.1.11.20.22"/>
        <display value="HPDocumentType"/>
      </sourceReference>
    </resource>
    <resource>
      <extension url="http://hl7.org/fhir/StructureDefinition/implementationguide-page">
        <valueUri value="ValueSet-2.16.840.1.113883.11.20.1.1.html"/>
      </extension>
      <example value="false"/>
      <sourceReference>
        <reference value="ValueSet/2.16.840.1.113883.11.20.1.1"/>
        <display value="SurgicalOperationNoteDocumentTypeCode"/>
      </sourceReference>
    </resource>
    <resource>
      <extension url="http://hl7.org/fhir/StructureDefinition/implementationguide-page">
        <valueUri value="ValueSet-2.16.840.1.113883.11.20.6.1.html"/>
      </extension>
      <example value="false"/>
      <sourceReference>
        <reference value="ValueSet/2.16.840.1.113883.11.20.6.1"/>
        <display value="ProcedureNoteDocumentTypeCodes"/>
      </sourceReference>
    </resource>
    <resource>
      <extension url="http://hl7.org/fhir/StructureDefinition/implementationguide-page">
        <valueUri value="ValueSet-2.16.840.1.113883.11.20.8.1.html"/>
      </extension>
      <example value="false"/>
      <sourceReference>
        <reference value="ValueSet/2.16.840.1.113883.11.20.8.1"/>
        <display value="ProgressNoteDocumentTypeCode"/>
      </sourceReference>
    </resource>
    <resource>
      <extension url="http://hl7.org/fhir/StructureDefinition/implementationguide-page">
        <valueUri value="ValueSet-2.16.840.1.113883.1.11.20.2.3.html"/>
      </extension>
      <example value="false"/>
      <sourceReference>
        <reference value="ValueSet/2.16.840.1.113883.1.11.20.2.3"/>
        <display value="ReferralDocumentType"/>
      </sourceReference>
    </resource>
    <resource>
      <extension url="http://hl7.org/fhir/StructureDefinition/implementationguide-page">
        <valueUri value="ValueSet-v3-ConfidentialityClassification.html"/>
      </extension>
      <example value="false"/>
      <sourceReference>
        <reference value="ValueSet/v3-ConfidentialityClassification"/>
        <display value="v3-ConfidentialityClassification"/>
      </sourceReference>
    </resource>
    <resource>
      <extension url="http://hl7.org/fhir/StructureDefinition/implementationguide-page">
        <valueUri value="Composition-CCDA-on-FHIR-Care-Plan-Example.html"/>
      </extension>
      <example value="true"/>
      <sourceReference>
        <reference value="Composition/CCDA-on-FHIR-Care-Plan-Example"/>
        <display value="C-CDA-on-FHIR-Care-Plan-Example"/>
      </sourceReference>
    </resource>
    <resource>
      <extension url="http://hl7.org/fhir/StructureDefinition/implementationguide-page">
        <valueUri value="Composition-CCDA-on-FHIR-Consultation-Note-Example.html"/>
      </extension>
      <example value="true"/>
      <sourceReference>
        <reference value="Composition/CCDA-on-FHIR-Consultation-Note-Example"/>
        <display value="C-CDA-on-FHIR-Consultation-Note-Example"/>
      </sourceReference>
    </resource>
    <resource>
      <extension url="http://hl7.org/fhir/StructureDefinition/implementationguide-page">
        <valueUri value="Composition-CCDA-on-FHIR-Continuity-of-Care-Document-Example.html"/>
      </extension>
      <example value="true"/>
      <sourceReference>
        <reference value="Composition/CCDA-on-FHIR-Continuity-of-Care-Document-Example"/>
        <display value="C-CDA-on-FHIR-Continuity-of-Care-Document-Example"/>
      </sourceReference>
    </resource>
    <resource>
      <extension url="http://hl7.org/fhir/StructureDefinition/implementationguide-page">
        <valueUri value="Composition-CCDA-on-FHIR-Diagnostic-Imaging-Example.html"/>
      </extension>
      <example value="true"/>
      <sourceReference>
        <reference value="Composition/CCDA-on-FHIR-Diagnostic-Imaging-Example"/>
        <display value="C-CDA-on-FHIR-Diagnostic-Imaging-Example"/>
      </sourceReference>
    </resource>
    <resource>
      <extension url="http://hl7.org/fhir/StructureDefinition/implementationguide-page">
        <valueUri value="Composition-CCDA-on-FHIR-Discharge-Summary-Example.html"/>
      </extension>
      <example value="true"/>
      <sourceReference>
        <reference value="Composition/CCDA-on-FHIR-Discharge-Summary-Example"/>
        <display value="C-CDA-on-FHIR-Discharge-Summary-Example"/>
      </sourceReference>
    </resource>
    <resource>
      <extension url="http://hl7.org/fhir/StructureDefinition/implementationguide-page">
        <valueUri value="Composition-CCDA-on-FHIR-History-and-Physical-Example.html"/>
      </extension>
      <example value="true"/>
      <sourceReference>
        <reference value="Composition/CCDA-on-FHIR-History-and-Physical-Example"/>
        <display value="C-CDA-on-FHIR-History-and-Physical-Example"/>
      </sourceReference>
    </resource>
    <resource>
      <extension url="http://hl7.org/fhir/StructureDefinition/implementationguide-page">
        <valueUri value="Composition-CCDA-on-FHIR-Operative-Note-Example.html"/>
      </extension>
      <example value="true"/>
      <sourceReference>
        <reference value="Composition/CCDA-on-FHIR-Operative-Note-Example"/>
        <display value="C-CDA-on-FHIR-Operative-Note-Example"/>
      </sourceReference>
    </resource>
    <resource>
      <extension url="http://hl7.org/fhir/StructureDefinition/implementationguide-page">
        <valueUri value="Composition-CCDA-on-FHIR-Procedure-Note-Example.html"/>
      </extension>
      <example value="true"/>
      <sourceReference>
        <reference value="Composition/CCDA-on-FHIR-Procedure-Note-Example"/>
        <display value="C-CDA-on-FHIR-Procedure-Note-Example"/>
      </sourceReference>
    </resource>
    <resource>
      <extension url="http://hl7.org/fhir/StructureDefinition/implementationguide-page">
        <valueUri value="Composition-CCDA-on-FHIR-Progress-Note-Example.html"/>
      </extension>
      <example value="true"/>
      <sourceReference>
        <reference value="Composition/CCDA-on-FHIR-Progress-Note-Example"/>
        <display value="C-CDA-on-FHIR-Progress-Note-Example"/>
      </sourceReference>
    </resource>
    <resource>
      <extension url="http://hl7.org/fhir/StructureDefinition/implementationguide-page">
        <valueUri value="Composition-CCDA-on-FHIR-Referral-Note-Example.html"/>
      </extension>
      <example value="true"/>
      <sourceReference>
        <reference value="Composition/CCDA-on-FHIR-Referral-Note-Example"/>
        <display value="C-CDA-on-FHIR-Referral-Note-Example"/>
      </sourceReference>
    </resource>
  </package>
  <page>
    <source value="http://test.com/IG/View/2219"/>
    <title value="C-CDA on FHIR"/>
    <kind value="page"/>
  </page>
</ImplementationGuide>