{
  "resourceType": "Composition",
  "id": "CCDA-on-FHIR-Continuity-of-Care-Document-Example",
  "meta": {
    "versionId": "1",
    "lastUpdated": "2016-06-15T08:16:14Z",
    "profile": [
      "http://hl7.org/fhir/ccda/StructureDefinition/CCDA-on-FHIR-Continuity-of-Care-Document"
    ]
  },
  "language": "en-US",
  "text": {
    "status": "generated",
    "div": "<div xmlns=\"http://www.w3.org/1999/xhtml\">\n            <p>Continuity of Care document for Henry Jones</p>\n            <p>Managed by Community Health and Hospitals</p>\n        </div>"
  },
  "identifier": {
    "system": "http://hl7.org/fhir/ccda/StructureDefinition/CCDA-on-FHIR-Continuity-of-Care-Document",
    "value": "1"
  },
  "date": "2016-02-14T09:10:14Z",
  "type": {
    "coding": [
      {
        "system": "http://loinc.org",
        "code": "34133-9",
        "display": "Summary of episode note"
      }
    ]
  },
  "title": "Continuity of Care Document",
  "status": "preliminary",
  "confidentiality": "N",
  "subject": {
    "reference": "http://fhir3.healthintersections.com.au/open/Patient/c493f2f2-28d5-49ab-90e8-9e8be341f7",
    "display": "Henry Jones"
  },
  "author": [
    {
      "reference": "http://fhir3.healthintersections.com.au/open/Practitioner/2679baa7-5dac-4d22-81ae-daded84500",
      "display": "Adam Everyman, MD"
    }
  ],
  "attester": [
    {
      "mode": [
        "legal"
      ],
      "time": "2012-01-04T09:10:14Z",
      "party": {
        "reference": "http://fhir3.healthintersections.com.au/open/Practitioner/2679baa7-5dac-4d22-81ae-daded84500",
        "display": "Adam Everyman, MD"
      }
    }
  ],
  "custodian": {
    "reference": "http://fhir3.healthintersections.com.au/open/Organization/1213e1ae-afc2-4a7c-8ed3-43b7a4e3d7",
    "display": "Community Health and Hospitals"
  },
  "event": [
    {
      "code": [
        {
          "coding": [
            {
              "system": "http://hl7.org/fhir/v3/ActClass",
              "code": "PCPR",
              "display": "Care Provision"
            }
          ]
        }
      ],
      "period": {
        "start": "2015-11-18",
        "end": "2015-12-12"
      }
    }
  ],
  "section": [
    {
      "title": "Allergies and Intolerances Section",
      "code": {
        "coding": [
          {
            "system": "http://loinc.org",
            "code": "48765-2",
            "display": "Allergies and adverse reactions"
          }
        ]
      },
      "text": {
        "status": "generated",
        "div": "<div xmlns=\"http://www.w3.org/1999/xhtml\">\n                <table>\n                    <tr>\n                        <td>\n                            <b>Substance</b>\n                        </td>\n                        <td>\n                            <b>Overall Severity</b>\n                        </td>\n                        <td>\n                            <b>Reaction</b>\n                        </td>\n                        <td>\n                            <b>Reaction Severity</b>\n                        </td>\n                        <td>\n                            <b>Status</b>\n                        </td>\n                    </tr>\n                    <tr>\n                        <td>Cashew Nut</td>\n                        <td>Severe</td>\n                        <td>Anaphylactic reaction</td>\n                        <td>Mild</td>\n                        <td>Active</td>\n                    </tr>\n                </table>\n            </div>"
      },
      "mode": "snapshot",
      "orderedBy": {
        "coding": [
          {
            "system": "http://hl7.org/fhir/list-order",
            "code": "event-date",
            "display": "Sorted by Event Date"
          }
        ]
      }
    },
    {
      "title": "Medication Section",
      "code": {
        "coding": [
          {
            "system": "http://loinc.org",
            "code": "10160-0",
            "display": "History of Medication Use"
          }
        ]
      },
      "text": {
        "status": "generated",
        "div": "<div xmlns=\"http://www.w3.org/1999/xhtml\">\n                <table>\n                    <tr>\n                        <td>\n                            <b>Medication</b>\n                        </td>\n                        <td>\n                            <b>Directions</b>\n                        </td>\n                        <td>\n                            <b>Start Date</b>\n                        </td>\n                        <td>\n                            <b>Status</b>\n                        </td>\n                        <td>\n                            <b>Indications</b>\n                        </td>\n                        <td>\n                            <b>Fill Instructions</b>\n                        </td>\n                    </tr>\n                    <tr>\n                        <td>Amoxicillin</td>\n                        <td>Amoxicillin Powder, for Suspension 250mg/5ml</td>\n                        <td>20160401</td>\n                        <td>Active</td>\n                        <td>Pneumonia</td>\n                        <td>Generic substitution allowed</td>\n                    </tr>\n                </table>\n            </div>"
      },
      "entry": [
        {
          "reference": "http://fhir3.healthintersections.com.au/open/Medication/73bdc4a1-736c-4d79-8f42-620a19a367"
        }
      ]
    },
    {
      "title": "Problem Section",
      "code": {
        "coding": [
          {
            "system": "http://loinc.org",
            "code": "11450-4",
            "display": "Problem list"
          }
        ]
      },
      "text": {
        "status": "generated",
        "div": "<div xmlns=\"http://www.w3.org/1999/xhtml\">\n                <table>\n                    <tr>\n                        <td>\n                            <b>Problem Name</b>\n                        </td>\n                        <td>\n                            <b>Type</b>\n                        </td>\n                        <td>\n                            <b>Onset Date</b>\n                        </td>\n                        <td>\n                            <b>Abatement Date</b>\n                        </td>\n                        <td>\n                            <b>Status</b>\n                        </td>\n                    </tr>\n                    <tr>\n                        <td>Fever</td>\n                        <td>Condition</td>\n                        <td>2016-04-01</td>\n                        <td>2016-04-14</td>\n                        <td>Complete</td>\n                    </tr>\n                </table>\n            </div>"
      }
    },
    {
      "title": "Procedures Section",
      "code": {
        "coding": [
          {
            "system": "http://loinc.org",
            "code": "47519-4",
            "display": "History of procedures"
          }
        ]
      },
      "text": {
        "status": "generated",
        "div": "<div xmlns=\"http://www.w3.org/1999/xhtml\">\n                <table>\n                    <tr>\n                        <td>\n                            <b>Procedure Name</b>\n                        </td>\n                        <td>\n                            <b>Body Site</b>\n                        </td>\n                        <td>\n                            <b>Performer</b>\n                        </td>\n                        <td>\n                            <b>Date Performed</b>\n                        </td>\n                        <td>\n                            <b>Reason</b>\n                        </td>\n                    </tr>\n                    <tr>\n                        <td>Appendectomy (Procedure)</td>\n                        <td>Abdomen</td>\n                        <td>Dr. Adam Everyman</td>\n                        <td>20160405</td>\n                        <td>Generalized abdominal pain 24 hours. Localized in RIF with rebound and guarding</td>\n                    </tr>\n                </table>\n            </div>"
      },
      "entry": [
        {
          "reference": "http://fhir3.healthintersections.com.au/open/Procedure/62735e39-bc54-4636-b47e-9e3e5709ae"
        }
      ]
    },
    {
      "title": "Results Section",
      "code": {
        "coding": [
          {
            "system": "http://loinc.org",
            "code": "30954-2",
            "display": "Relevant diagnostic tests and laboratory data"
          }
        ]
      },
      "text": {
        "status": "generated",
        "div": "<div xmlns=\"http://www.w3.org/1999/xhtml\">\n                <table>\n                    <tr>\n                        <td>\n                            <b>Result Type</b>\n                        </td>\n                        <td>\n                            <b>Quantity Value</b>\n                        </td>\n                        <td>\n                            <b>Date</b>\n                        </td>\n                        <td>\n                            <b>Status</b>\n                        </td>\n                    </tr>\n                    <tr>\n                        <td>Glucose [Moles/volume] in Blood</td>\n                        <td>6.3 mmol/l</td>\n                        <td>2016/04/01</td>\n                        <td>Final</td>\n                    </tr>\n                </table>\n            </div>"
      },
      "entry": [
        {
          "reference": "http://fhir3.healthintersections.com.au/open/Observation/dce96908-11fc-49e0-9d55-7442b0eff9"
        }
      ]
    },
    {
      "title": "Advance Directives Section",
      "code": {
        "coding": [
          {
            "system": "http://loinc.org",
            "code": "42348-3",
            "display": "Advance directives"
          }
        ]
      },
      "text": {
        "status": "generated",
        "div": "<div xmlns=\"http://www.w3.org/1999/xhtml\">\n                <table>\n                    <tr>\n                        <td>\n                            <b>Name</b>\n                        </td>\n                        <td>\n                            <b>Applies Period</b>\n                        </td>\n                    </tr>\n                    <tr>\n                        <td>Resuscitation</td>\n                        <td>2015/01/01 - 2016/12/31</td>\n                    </tr>\n                </table>\n            </div>"
      }
    },
    {
      "title": "Encounters Section",
      "code": {
        "coding": [
          {
            "system": "http://loinc.org",
            "code": "46240-8",
            "display": "Encounters"
          }
        ]
      },
      "text": {
        "status": "generated",
        "div": "<div xmlns=\"http://www.w3.org/1999/xhtml\">\n                <table>\n                    <tr>\n                        <td>\n                            <b>Encounter</b>\n                        </td>\n                        <td>\n                            <b>Performer</b>\n                        </td>\n                        <td>\n                            <b>Location</b>\n                        </td>\n                        <td>\n                            <b>Date</b>\n                        </td>\n                    </tr>\n                    <tr>\n                        <td>Checkup Examination</td>\n                        <td>Dr. S. Steene</td>\n                        <td>Community Urgent Care Center</td>\n                        <td>2015/09/26</td>\n                    </tr>\n                </table>\n            </div>"
      }
    },
    {
      "title": "Family History Section",
      "code": {
        "coding": [
          {
            "system": "http://loinc.org",
            "code": "10157-6",
            "display": "History of family member diseases"
          }
        ]
      },
      "text": {
        "status": "generated",
        "div": "<div xmlns=\"http://www.w3.org/1999/xhtml\">\n                <table>\n                    <tr>\n                        <td>\n                            <b>Relationship</b>\n                        </td>\n                        <td>\n                            <b>Diagnosis</b>\n                        </td>\n                        <td>\n                            <b>Age at Onset</b>\n                        </td>\n                    </tr>\n                    <tr>\n                        <td>Father</td>\n                        <td>Myocardial Infarction(cause of Death)</td>\n                        <td>57</td>\n                    </tr>\n                    <tr>\n                        <td>Father</td>\n                        <td>Diabetes</td>\n                        <td>40</td>\n                    </tr>\n                </table>\n            </div>"
      }
    },
    {
      "title": "Functional Status Section",
      "code": {
        "coding": [
          {
            "system": "http://loinc.org",
            "code": "47420-5",
            "display": "Functional status assessment"
          }
        ]
      },
      "text": {
        "status": "generated",
        "div": "<div xmlns=\"http://www.w3.org/1999/xhtml\">\n                <table>\n                    <tr>\n                        <td>\n                            <b>Functional or Cognitive Finding</b>\n                        </td>\n                        <td>\n                            <b>Observation</b>\n                        </td>\n                        <td>\n                            <b>Observation Date</b>\n                        </td>\n                        <td>\n                            <b>Condition Status</b>\n                        </td>\n                    </tr>\n                    <tr>\n                        <td>Ambulation (Dependent to Independent</td>\n                        <td>Independently able</td>\n                        <td>2010/03/11</td>\n                        <td>Active</td>\n                    </tr>\n                    <tr>\n                        <td>Finding of Functional Performance and Activity</td>\n                        <td>Dyspnea</td>\n                        <td>2008/02/16</td>\n                        <td>Active</td>\n                    </tr>\n                    <tr>\n                        <td>Cognitive Function Finding</td>\n                        <td>Memory Impairment</td>\n                        <td>2014/04/29</td>\n                        <td>Active</td>\n                    </tr>\n                </table>\n            </div>"
      }
    },
    {
      "title": "Immunizations Section",
      "code": {
        "coding": [
          {
            "system": "http://loinc.org",
            "code": "11369-6",
            "display": "History of immunization"
          }
        ]
      },
      "text": {
        "status": "generated",
        "div": "<div xmlns=\"http://www.w3.org/1999/xhtml\">\n                <table>\n                    <tr>\n                        <td>\n                            <b>Vaccine</b>\n                        </td>\n                        <td>\n                            <b>Date</b>\n                        </td>\n                        <td>\n                            <b>Status</b>\n                        </td>\n                    </tr>\n                    <tr>\n                        <td>Fluvax (Influenza)</td>\n                        <td>2016-04-05</td>\n                        <td>Completed</td>\n                    </tr>\n                </table>\n            </div>"
      },
      "entry": [
        {
          "reference": "http://fhir3.healthintersections.com.au/open/Immunization/de43e197-62fb-4337-81bd-8523b9a8af"
        }
      ]
    },
    {
      "title": " Nutrition Section",
      "code": {
        "coding": [
          {
            "system": "http://loinc.org",
            "code": "61144-2",
            "display": "Diet and nutrition"
          }
        ]
      },
      "text": {
        "status": "generated",
        "div": "<div xmlns=\"http://www.w3.org/1999/xhtml\">\n                <table>\n                    <tr>\n                        <td>\n                            <b>Date</b>\n                        </td>\n                        <td>\n                            <b>Nutritional Status</b>\n                        </td>\n                        <td>\n                            <b>Diet</b>\n                        </td>\n                    </tr>\n                    <tr>\n                        <td>2005/12/29</td>\n                        <td>Well nourished</td>\n                        <td>Low sodium diet, excessive carbohydrate</td>\n                    </tr>\n                    <tr>\n                        <td>2010/05/26</td>\n                        <td>Slight dehydration</td>\n                        <td>High protein, low fibre</td>\n                    </tr>\n                </table>\n            </div>"
      }
    },
    {
      "title": "Mental Status Section",
      "code": {
        "coding": [
          {
            "system": "http://loinc.org",
            "code": "10190-7",
            "display": "Mental status"
          }
        ]
      },
      "text": {
        "status": "generated",
        "div": "<div xmlns=\"http://www.w3.org/1999/xhtml\">\n                <table>\n                    <tr>\n                        <td>\n                            <b>Date</b>\n                        </td>\n                        <td>\n                            <b>Mental Status</b>\n                        </td>\n                        <td>\n                            <b>Support System</b>\n                        </td>\n                    </tr>\n                    <tr>\n                        <td>2005/06/21</td>\n                        <td>Good</td>\n                        <td>Not required</td>\n                    </tr>\n                    <tr>\n                        <td>2015/12/29</td>\n                        <td>Dimentia</td>\n                        <td>Daily Home Care</td>\n                    </tr>\n                </table>\n            </div>"
      }
    },
    {
      "title": "Social History Section",
      "code": {
        "coding": [
          {
            "system": "http://loinc.org",
            "code": "29762-2",
            "display": "Social history"
          }
        ]
      },
      "text": {
        "status": "generated",
        "div": "<div xmlns=\"http://www.w3.org/1999/xhtml\">\n                <table>\n                    <tr>\n                        <td>\n                            <b>Social History Element</b>\n                        </td>\n                        <td>\n                            <b>Description</b>\n                        </td>\n                        <td>\n                            <b>Effective Dates</b>\n                        </td>\n                    </tr>\n                    <tr>\n                        <td>Smoking</td>\n                        <td>1 pack tobacco per day</td>\n                        <td>2005/05/01 - 2010/02/28</td>\n                    </tr>\n                </table>\n            </div>"
      },
      "entry": [
        {
          "reference": "http://fhir3.healthintersections.com.au/open/Observation/4d0aba77-8fc0-4739-9ea6-b958c63378"
        }
      ]
    },
    {
      "title": "Plan of Treatment Section",
      "code": {
        "coding": [
          {
            "system": "http://loinc.org",
            "code": "18776-5",
            "display": "Plan of treatment"
          }
        ]
      },
      "text": {
        "status": "generated",
        "div": "<div xmlns=\"http://www.w3.org/1999/xhtml\">\n                <table>\n                    <tr>\n                        <td>\n                            <b>Planned Activity</b>\n                        </td>\n                        <td>\n                            <b>Period</b>\n                        </td>\n                        <td>\n                            <b>Status</b>\n                        </td>\n                    </tr>\n                    <tr>\n                        <td>Colonoscopy</td>\n                        <td>2010/08/16 - 2010/08/16</td>\n                        <td>Completed</td>\n                    </tr>\n                    <tr>\n                        <td>Recommendation to Exercise</td>\n                        <td>2015/10/29</td>\n                        <td>Ongoing</td>\n                    </tr>\n                </table>\n            </div>"
      }
    },
    {
      "title": "Payers Section",
      "code": {
        "coding": [
          {
            "system": "http://loinc.org",
            "code": "48768-6",
            "display": "Payers"
          }
        ]
      },
      "text": {
        "status": "generated",
        "div": "<div xmlns=\"http://www.w3.org/1999/xhtml\">\n                <table>\n                    <tr>\n                        <td>\n                            <b>Payer Name</b>\n                        </td>\n                        <td>\n                            <b>Policy ID</b>\n                        </td>\n                        <td>\n                            <b>Policy Holder</b>\n                        </td>\n                    </tr>\n                    <tr>\n                        <td>United Healthcare</td>\n                        <td>12341</td>\n                        <td>Self</td>\n                    </tr>\n                    <tr>\n                        <td>Cigna</td>\n                        <td>53123</td>\n                        <td>Spouse</td>\n                    </tr>\n                </table>\n            </div>"
      }
    },
    {
      "title": "Medical Equipment Section",
      "code": {
        "coding": [
          {
            "system": "http://loinc.org",
            "code": "46264-8",
            "display": "Medical equipment"
          }
        ]
      },
      "text": {
        "status": "generated",
        "div": "<div xmlns=\"http://www.w3.org/1999/xhtml\">\n                <table>\n                    <tr>\n                        <td>\n                            <b>Supply/Device</b>\n                        </td>\n                        <td>\n                            <b>Date Supplied</b>\n                        </td>\n                    </tr>\n                    <tr>\n                        <td>Automatic Implantable cardioverter/defbrillator</td>\n                        <td>2008/11/16</td>\n                    </tr>\n                    <tr>\n                        <td>Wheelchair</td>\n                        <td>1999/12/01</td>\n                    </tr>\n                </table>\n            </div>"
      }
    },
    {
      "title": "Vital Signs Section",
      "code": {
        "coding": [
          {
            "system": "http://loinc.org",
            "code": "8716-3",
            "display": "Vital signs"
          }
        ]
      },
      "text": {
        "status": "generated",
        "div": "<div xmlns=\"http://www.w3.org/1999/xhtml\">\n                <table>\n                    <tr>\n                        <td>\n                            <b>Vital Sign</b>\n                        </td>\n                        <td>\n                            <b>Date</b>\n                        </td>\n                        <td>\n                            <b>Value</b>\n                        </td>\n                    </tr>\n                    <tr>\n                        <td>Temperature</td>\n                        <td>2016/04/05</td>\n                        <td>39 Degrees Celcius</td>\n                    </tr>\n                </table>\n            </div>"
      },
      "entry": [
        {
          "reference": "http://fhir3.healthintersections.com.au/open/Observation/bc96946f-c13f-4a7c-a396-92f8523763"
        }
      ]
    }
  ]
}